[
  {
    "tags": "EDUM-350",
    "name": "Grade-6-Exponents\r",
    "id": "5e70df2a2a674a000874ba9d",
    "standard": [
      "6.EE.A.1"
    ]
  },
  {
    "tags": "EDUM-351",
    "name": "Grade-6-Identifying Expressions that Represent Situations\r",
    "id": "5e70df412a674a000874baa0",
    "standard": [
      "6.EE.A.2.a"
    ]
  },
  {
    "tags": "EDUM-352",
    "name": "Grade-6-Translate Addition Sentences into Algebraic Expressions\r",
    "id": "5e70df5b2a674a000874baa3",
    "standard": [
      "6.EE.A.2.a"
    ]
  },
  {
    "tags": "EDUM-353",
    "name": "Grade-6-Translate Subtraction Sentences to Algebraic Expressions\r",
    "id": "not_created",
    "standard": [
      "6.EE.A.2.a"
    ]
  },
  {
    "tags": "EDUM-354",
    "name": "Grade-6-Translating Division Sentences to Algebraic Expressions\r",
    "id": "5e70df882a674a000874baa6",
    "standard": [
      "6.EE.A.2.a"
    ]
  },
  {
    "tags": "EDUM-355",
    "name": "Grade-6-Translating Multiplication Sentences to Algebraic Expressions\r",
    "id": "not_created",
    "standard": [
      "6.EE.A.2.a"
    ]
  },
  {
    "tags": "EDUM-356",
    "name": "Grade-6-Parts of an Expression\r",
    "id": "5e70dfba2a674a000874baa9",
    "standard": [
      "6.EE.A.2.b"
    ]
  },
  {
    "tags": "EDUM-357",
    "name": "Grade-6-Using Order of Operations to Evaluate Expressions\r",
    "id": "5e70dfda24dbb70007e56b58",
    "standard": [
      "6.EE.A.2.c"
    ]
  },
  {
    "tags": "EDUM-358",
    "name": "Grade-6-Identify Equivalent Expressions: Distributive Property\r",
    "id": "5e70dff6cf9df1000706a1ef",
    "standard": [
      "6.EE.A.3"
    ]
  },
  {
    "tags": "EDUM-359",
    "name": "Grade-6-Identifying Equivalent Expressions by Evaluation\r",
    "id": "5e70e0122a674a000874baac",
    "standard": [
      "6.EE.A.4"
    ]
  }
]